source_node,packet_id,request_ms,e2e_delay_ms
m3-13.paris.iot-lab.info,1,57323.043,48.692
m3-11.paris.iot-lab.info,1,57641.096,48.223
m3-6.paris.iot-lab.info,1,57969.324,48.325
m3-10.paris.iot-lab.info,1,58086.652,48.38
m3-12.paris.iot-lab.info,1,59129.367,48.31
m3-7.paris.iot-lab.info,1,59191.947,48.507
m3-3.paris.iot-lab.info,1,60005.399,47.824
m3-8.paris.iot-lab.info,1,61124.35,47.77
m3-5.paris.iot-lab.info,1,61480.954,47.137
m3-9.paris.iot-lab.info,1,64678.954,48.209
m3-15.paris.iot-lab.info,1,65430.509,48.479
m3-2.paris.iot-lab.info,1,65599.749,47.926
m3-18.paris.iot-lab.info,1,65889.811,47.437
m3-13.paris.iot-lab.info,2,66901.398,47.207
m3-6.paris.iot-lab.info,2,66992.721,64.286
m3-4.paris.iot-lab.info,1,66998.151,49.183
m3-16.paris.iot-lab.info,1,67045.654,48.408
m3-10.paris.iot-lab.info,2,68214.274,47.924
m3-11.paris.iot-lab.info,2,68360.448,48.263
m3-12.paris.iot-lab.info,2,68931.909,47.258
m3-7.paris.iot-lab.info,2,69335.501,48.416
m3-3.paris.iot-lab.info,2,69714.276,47.31
m3-5.paris.iot-lab.info,2,71655.755,48.4
m3-8.paris.iot-lab.info,2,72018.926,44.172
m3-9.paris.iot-lab.info,2,74949.14,47.28
m3-18.paris.iot-lab.info,2,75181.76,61.09
m3-2.paris.iot-lab.info,2,75732.648,47.284
m3-15.paris.iot-lab.info,2,76229.673,48.349
m3-13.paris.iot-lab.info,3,76366.609,47.5
m3-4.paris.iot-lab.info,2,76613.359,48.581
m3-6.paris.iot-lab.info,3,76782.967,48.376
m3-16.paris.iot-lab.info,2,77391.897,48.438
m3-11.paris.iot-lab.info,3,78375.877,48.262
m3-12.paris.iot-lab.info,3,78815.416,48.007
m3-10.paris.iot-lab.info,3,79141.389,48.454
m3-3.paris.iot-lab.info,3,80048.964,48.367
m3-7.paris.iot-lab.info,3,80117.861,47.948
m3-5.paris.iot-lab.info,3,80950.217,47.758
m3-8.paris.iot-lab.info,3,81965.344,48.211
m3-18.paris.iot-lab.info,3,85045.716,47.611
m3-9.paris.iot-lab.info,3,85422.728,32.146
m3-15.paris.iot-lab.info,3,85461.114,48.381
m3-6.paris.iot-lab.info,4,85886.39,58.773
m3-4.paris.iot-lab.info,3,86324.662,48.463
m3-2.paris.iot-lab.info,3,86707.416,48.177
m3-13.paris.iot-lab.info,4,87080.612,47.725
m3-11.paris.iot-lab.info,4,87415.349,47.48
m3-16.paris.iot-lab.info,3,88143.42,48.048
m3-12.paris.iot-lab.info,4,88238.761,48.44
m3-10.paris.iot-lab.info,4,89076.932,48.326
m3-3.paris.iot-lab.info,4,89581.867,47.457
m3-7.paris.iot-lab.info,4,89669.078,48.376
m3-8.paris.iot-lab.info,4,91143.929,32.707
m3-5.paris.iot-lab.info,4,91301.064,47.138
m3-15.paris.iot-lab.info,4,94724.593,48.207
m3-18.paris.iot-lab.info,4,95634.458,47.695
m3-9.paris.iot-lab.info,4,96105.367,47.898
m3-4.paris.iot-lab.info,4,96366.661,47.431
m3-6.paris.iot-lab.info,5,96408.458,59.133
m3-2.paris.iot-lab.info,4,97266.495,48.334
m3-13.paris.iot-lab.info,5,97895.498,48.355
m3-11.paris.iot-lab.info,5,98070.484,48.135
m3-16.paris.iot-lab.info,4,98542.249,48.702
m3-7.paris.iot-lab.info,5,98724.574,48.308
m3-10.paris.iot-lab.info,5,98784.123,47.322
m3-12.paris.iot-lab.info,5,98797.968,48.171
m3-3.paris.iot-lab.info,5,99324.773,48.084
m3-8.paris.iot-lab.info,5,100903.113,48.057
m3-5.paris.iot-lab.info,5,101555.263,59.071
m3-15.paris.iot-lab.info,5,103920.814,47.305
m3-18.paris.iot-lab.info,5,105009.292,48.377
m3-9.paris.iot-lab.info,5,106024.126,48.581
m3-4.paris.iot-lab.info,5,106743.873,47.299
m3-6.paris.iot-lab.info,6,106755.209,
m3-11.paris.iot-lab.info,6,107397.959,48.054
m3-2.paris.iot-lab.info,5,108017.726,48.496
m3-10.paris.iot-lab.info,6,108078.668,48.552
m3-12.paris.iot-lab.info,6,108280.815,47.14
m3-13.paris.iot-lab.info,6,108774.677,48.551
m3-16.paris.iot-lab.info,5,108830.041,47.835
m3-7.paris.iot-lab.info,6,109011.815,48.303
m3-3.paris.iot-lab.info,6,109751.69,47.139
m3-8.paris.iot-lab.info,6,110213.652,47.683
m3-5.paris.iot-lab.info,6,112013.797,48.071
m3-15.paris.iot-lab.info,6,114350.778,48.621
m3-18.paris.iot-lab.info,6,114480.641,48.049
m3-9.paris.iot-lab.info,6,116215.307,48.495
m3-6.paris.iot-lab.info,7,116258.267,48.149
m3-4.paris.iot-lab.info,6,117078.349,45.189
m3-2.paris.iot-lab.info,6,117104.826,48.748
m3-11.paris.iot-lab.info,7,117236.825,48.411
m3-10.paris.iot-lab.info,7,118826.927,48.428
m3-12.paris.iot-lab.info,7,118935.443,48.279
m3-16.paris.iot-lab.info,6,119149.299,48.424
m3-7.paris.iot-lab.info,7,119423.843,47.697
m3-13.paris.iot-lab.info,7,119730.051,47.306
m3-3.paris.iot-lab.info,7,120726.224,48.31
m3-8.paris.iot-lab.info,7,120900.795,48.269
m3-5.paris.iot-lab.info,7,122361.869,58.836
m3-18.paris.iot-lab.info,7,124255.332,47.454
m3-15.paris.iot-lab.info,7,124286.918,47.92
m3-9.paris.iot-lab.info,7,125814.929,48.245
m3-6.paris.iot-lab.info,8,125933.883,48.135
m3-11.paris.iot-lab.info,8,126868.807,47.442
m3-2.paris.iot-lab.info,7,127072.733,48.176
m3-4.paris.iot-lab.info,7,127826.638,47.937
m3-10.paris.iot-lab.info,8,128378.372,48.31
m3-16.paris.iot-lab.info,7,128924.835,48.324
m3-7.paris.iot-lab.info,8,129135.568,48.377
m3-12.paris.iot-lab.info,8,129510.793,58.651
m3-3.paris.iot-lab.info,8,130677.661,49.309
m3-13.paris.iot-lab.info,8,130688.473,48.414
m3-8.paris.iot-lab.info,8,131088.769,47.243
m3-5.paris.iot-lab.info,8,132494.946,47.184
m3-15.paris.iot-lab.info,8,133341.692,48.214
m3-18.paris.iot-lab.info,8,135177.369,47.02
m3-6.paris.iot-lab.info,9,135991.975,47.876
m3-9.paris.iot-lab.info,8,136646.221,48.516
m3-11.paris.iot-lab.info,9,137507.975,48.25
m3-2.paris.iot-lab.info,8,137711.95,48.303
m3-4.paris.iot-lab.info,8,137964.69,46.935
m3-10.paris.iot-lab.info,9,138361.946,48.137
m3-16.paris.iot-lab.info,8,138988.083,48.314
m3-7.paris.iot-lab.info,9,139102.861,48.432
m3-8.paris.iot-lab.info,9,140191.674,48.655
m3-13.paris.iot-lab.info,9,140444.209,32.404
m3-12.paris.iot-lab.info,9,140497.13,48.494
m3-3.paris.iot-lab.info,9,141061.092,48.353
m3-5.paris.iot-lab.info,9,142925.45,48.434
m3-15.paris.iot-lab.info,9,143772.272,47.667
m3-18.paris.iot-lab.info,9,145143.883,48.257
m3-6.paris.iot-lab.info,10,145222.692,48.075
m3-9.paris.iot-lab.info,9,146389.618,48.772
m3-2.paris.iot-lab.info,9,147615.348,48.194
m3-11.paris.iot-lab.info,10,147712.312,47.037
m3-4.paris.iot-lab.info,9,147958.799,47.225
m3-10.paris.iot-lab.info,10,148100.276,46.929
m3-16.paris.iot-lab.info,9,148520.919,47.577
m3-7.paris.iot-lab.info,10,149198.136,48.738
m3-12.paris.iot-lab.info,10,150427.566,47.888
m3-3.paris.iot-lab.info,10,150543.382,46.906
m3-13.paris.iot-lab.info,10,150731.107,58.681
m3-8.paris.iot-lab.info,10,150766.779,58.72
m3-15.paris.iot-lab.info,10,152971.448,43.297
m3-5.paris.iot-lab.info,10,153031.551,46.917
m3-18.paris.iot-lab.info,10,154839.353,48.679
m3-6.paris.iot-lab.info,11,155734.008,47.936
m3-11.paris.iot-lab.info,11,157022.677,48.308
m3-9.paris.iot-lab.info,10,157236.917,47.639
m3-4.paris.iot-lab.info,10,157539.348,47.094
m3-10.paris.iot-lab.info,11,157650.58,48.09
m3-2.paris.iot-lab.info,10,157966.706,48.087
m3-16.paris.iot-lab.info,10,158455.976,48.402
m3-7.paris.iot-lab.info,11,159181.348,48.325
m3-13.paris.iot-lab.info,11,159893.515,48.213
m3-3.paris.iot-lab.info,11,160173.719,58.741
m3-8.paris.iot-lab.info,11,160441.239,43.762
m3-12.paris.iot-lab.info,11,160570.687,48.697
m3-5.paris.iot-lab.info,11,162209.284,47.41
m3-15.paris.iot-lab.info,11,163621.528,48.162
m3-6.paris.iot-lab.info,12,165121.991,47.627
m3-18.paris.iot-lab.info,11,165590.628,48.6
m3-9.paris.iot-lab.info,11,166676.364,48.353
m3-11.paris.iot-lab.info,12,167465.922,47.895
m3-4.paris.iot-lab.info,11,167473.655,79.658
m3-2.paris.iot-lab.info,11,167481.743,62.649
m3-16.paris.iot-lab.info,11,168023.412,46.586
m3-10.paris.iot-lab.info,12,168177.844,43.348
m3-13.paris.iot-lab.info,12,169586.546,47.149
m3-7.paris.iot-lab.info,12,169916.715,48.414
m3-12.paris.iot-lab.info,12,170004.719,47.068
m3-3.paris.iot-lab.info,12,170200.073,58.638
m3-8.paris.iot-lab.info,12,171427.63,48.055
m3-5.paris.iot-lab.info,12,171440.22,48.745
m3-15.paris.iot-lab.info,12,173714.581,47.165
m3-6.paris.iot-lab.info,13,175248.744,48.496
m3-18.paris.iot-lab.info,12,176064.994,47.945
m3-11.paris.iot-lab.info,13,176488.486,47.904
m3-9.paris.iot-lab.info,12,176802.094,47.265
m3-4.paris.iot-lab.info,12,176897.192,48.146
m3-2.paris.iot-lab.info,12,178049.4,47.579
m3-10.paris.iot-lab.info,13,178537.214,47.787
m3-16.paris.iot-lab.info,12,178892.931,47.704
m3-12.paris.iot-lab.info,13,179299.239,48.34
m3-3.paris.iot-lab.info,13,179906.495,63.765
m3-7.paris.iot-lab.info,13,180331.593,49.09
m3-13.paris.iot-lab.info,13,180369.097,48.765
m3-8.paris.iot-lab.info,13,181490.814,58.647
m3-5.paris.iot-lab.info,13,181839.351,48.214
m3-15.paris.iot-lab.info,13,184401.207,48.662
m3-6.paris.iot-lab.info,14,185503.954,48.226
m3-18.paris.iot-lab.info,13,185968.465,48.173
m3-9.paris.iot-lab.info,13,186990.767,47.111
m3-11.paris.iot-lab.info,14,187154.484,47.468
m3-4.paris.iot-lab.info,13,187294.774,47.531
m3-16.paris.iot-lab.info,13,188327.319,48.272
m3-12.paris.iot-lab.info,14,188738.892,48.527
m3-10.paris.iot-lab.info,14,188760.72,
m3-2.paris.iot-lab.info,13,188848.64,48.778
m3-7.paris.iot-lab.info,14,189371.466,48.106
m3-13.paris.iot-lab.info,14,189776.699,48.059
m3-3.paris.iot-lab.info,14,189969.919,47.887
m3-8.paris.iot-lab.info,14,191677.417,48.395
m3-5.paris.iot-lab.info,14,191950.277,47.36
m3-15.paris.iot-lab.info,14,193984.621,47.736
m3-6.paris.iot-lab.info,15,195103.392,48.665
m3-18.paris.iot-lab.info,14,195711.948,48.754
m3-4.paris.iot-lab.info,14,196648.375,46.992
m3-9.paris.iot-lab.info,14,197149.224,48.747
m3-11.paris.iot-lab.info,15,197697.141,58.739
m3-7.paris.iot-lab.info,15,198490.702,43.11
m3-2.paris.iot-lab.info,14,198624.044,48.043
m3-12.paris.iot-lab.info,15,198673.843,48.225
m3-16.paris.iot-lab.info,14,199073.171,47.513
m3-10.paris.iot-lab.info,15,199367.945,48.75
m3-13.paris.iot-lab.info,15,199759.775,46.754
m3-3.paris.iot-lab.info,15,200431.326,46.828
m3-8.paris.iot-lab.info,15,201724.686,48.483
m3-5.paris.iot-lab.info,15,202844.968,48.485
m3-15.paris.iot-lab.info,15,203391.753,47.682
m3-18.paris.iot-lab.info,15,205103.334,48.021
m3-6.paris.iot-lab.info,16,205406.658,48.159
m3-9.paris.iot-lab.info,15,206284.777,48.657
m3-4.paris.iot-lab.info,15,207014.971,48.457
m3-7.paris.iot-lab.info,16,207925.233,48.226
m3-11.paris.iot-lab.info,16,207977.992,47.346
m3-12.paris.iot-lab.info,16,208511.151,47.595
m3-10.paris.iot-lab.info,16,208773.942,47.845
m3-2.paris.iot-lab.info,15,209023.394,48.591
m3-13.paris.iot-lab.info,16,209582.354,48.175
m3-3.paris.iot-lab.info,16,209853.712,47.857
m3-16.paris.iot-lab.info,15,209999.305,48.202
m3-8.paris.iot-lab.info,16,211162.178,47.246
m3-15.paris.iot-lab.info,16,212479.123,47.508
m3-5.paris.iot-lab.info,16,212827.97,48.364
m3-6.paris.iot-lab.info,17,214606.242,48.202
m3-18.paris.iot-lab.info,16,215086.811,48.551
m3-9.paris.iot-lab.info,16,216556.135,47.629
m3-11.paris.iot-lab.info,17,217448.905,48.385
m3-4.paris.iot-lab.info,16,217974.163,48.341
m3-7.paris.iot-lab.info,17,218036.279,48.902
m3-10.paris.iot-lab.info,17,218196.706,48.526
m3-2.paris.iot-lab.info,16,218270.634,48.306
m3-12.paris.iot-lab.info,17,218525.401,47.222
m3-3.paris.iot-lab.info,17,219821.105,48.066
m3-13.paris.iot-lab.info,17,220139.506,46.626
m3-16.paris.iot-lab.info,16,220298.407,48.197
m3-8.paris.iot-lab.info,17,221685.975,47.504
m3-15.paris.iot-lab.info,17,221694.097,
m3-5.paris.iot-lab.info,17,223083.457,48.584
m3-6.paris.iot-lab.info,18,224413.363,47.05
m3-18.paris.iot-lab.info,17,225434.429,47.173
m3-9.paris.iot-lab.info,17,226059.385,46.976
m3-4.paris.iot-lab.info,17,227109.457,48.665
m3-7.paris.iot-lab.info,18,227155.691,48.066
m3-11.paris.iot-lab.info,18,227543.896,48.793
m3-10.paris.iot-lab.info,18,227822.814,47.178
m3-2.paris.iot-lab.info,17,228317.931,48.147
m3-13.paris.iot-lab.info,18,229145.888,60.81
m3-12.paris.iot-lab.info,18,229179.739,48.814
m3-3.paris.iot-lab.info,18,230572.058,48.379
m3-16.paris.iot-lab.info,17,230617.409,48.247
m3-8.paris.iot-lab.info,18,231440.795,48.171
m3-15.paris.iot-lab.info,18,231818.713,48.096
m3-5.paris.iot-lab.info,18,232794.583,48.689
m3-6.paris.iot-lab.info,19,235159.693,46.979
m3-18.paris.iot-lab.info,18,235448.761,47.493
m3-9.paris.iot-lab.info,18,235897.701,48.244
m3-7.paris.iot-lab.info,19,236254.527,46.984
m3-4.paris.iot-lab.info,18,236276.73,48.787
m3-10.paris.iot-lab.info,19,237788.279,57.21
m3-11.paris.iot-lab.info,19,237955.485,47.558
m3-13.paris.iot-lab.info,19,238292.157,48.179
m3-12.paris.iot-lab.info,19,238666.921,48.758
m3-2.paris.iot-lab.info,18,239181.353,47.718
m3-16.paris.iot-lab.info,18,240968.618,48.349
m3-3.paris.iot-lab.info,19,241131.355,48.572
m3-8.paris.iot-lab.info,19,242239.908,48.712
m3-15.paris.iot-lab.info,19,242341.751,47.409
m3-5.paris.iot-lab.info,19,243573.176,47.539
m3-9.paris.iot-lab.info,19,245049.139,48.858
m3-18.paris.iot-lab.info,19,245415.592,48.308
m3-4.paris.iot-lab.info,19,245999.103,47.946
m3-6.paris.iot-lab.info,20,246101.874,48.315
m3-7.paris.iot-lab.info,20,246205.377,48.287
m3-11.paris.iot-lab.info,20,248112.366,47.755
m3-10.paris.iot-lab.info,20,248340.89,48.753
m3-13.paris.iot-lab.info,20,249073.778,47.203
m3-12.paris.iot-lab.info,20,249478.838,46.703
m3-2.paris.iot-lab.info,19,249484.034,48.866
m3-3.paris.iot-lab.info,20,250378.745,48.844
m3-16.paris.iot-lab.info,19,250584.158,48.489
m3-15.paris.iot-lab.info,20,251700.225,48.153
m3-8.paris.iot-lab.info,20,252959.315,48.736
m3-5.paris.iot-lab.info,20,253539.871,48.337
m3-18.paris.iot-lab.info,20,254723.745,47.798
m3-7.paris.iot-lab.info,21,255324.873,48.314
m3-9.paris.iot-lab.info,20,256035.522,47.77
m3-6.paris.iot-lab.info,21,256132.672,47.458
m3-4.paris.iot-lab.info,20,256217.491,47.936
m3-11.paris.iot-lab.info,21,257183.344,48.453
m3-10.paris.iot-lab.info,21,258320.696,47.326
m3-3.paris.iot-lab.info,21,259770.361,48.705
m3-2.paris.iot-lab.info,20,259819.705,49.04
m3-12.paris.iot-lab.info,21,260015.735,48.089
m3-13.paris.iot-lab.info,21,260061.558,47.079
m3-16.paris.iot-lab.info,20,260535.484,48.337
m3-15.paris.iot-lab.info,21,261635.586,48.428
m3-8.paris.iot-lab.info,21,263470.645,47.509
m3-5.paris.iot-lab.info,21,264035.28,48.026
m3-18.paris.iot-lab.info,21,264258.45,48.264
m3-7.paris.iot-lab.info,22,265036.152,48.248
m3-4.paris.iot-lab.info,21,265476.145,47.661
m3-9.paris.iot-lab.info,21,265666.142,47.594
m3-11.paris.iot-lab.info,22,266318.623,48.499
m3-6.paris.iot-lab.info,22,266624.316,47.42
m3-10.paris.iot-lab.info,22,268223.64,48.188
m3-12.paris.iot-lab.info,22,269803.504,46.973
m3-2.paris.iot-lab.info,21,270262.107,47.195
m3-13.paris.iot-lab.info,22,270362.35,47.475
m3-3.paris.iot-lab.info,22,270377.541,48.268
m3-16.paris.iot-lab.info,21,270883.171,47.982
m3-15.paris.iot-lab.info,22,272498.796,48.621
m3-8.paris.iot-lab.info,22,273726.02,48.178
m3-18.paris.iot-lab.info,22,274513.742,48.734
m3-7.paris.iot-lab.info,23,274619.444,48.756
m3-5.paris.iot-lab.info,22,274769.968,47.555
m3-4.paris.iot-lab.info,22,275281.726,46.658
m3-9.paris.iot-lab.info,22,275937.241,48.551
m3-11.paris.iot-lab.info,23,275949.918,
m3-6.paris.iot-lab.info,23,277550.977,48.234
m3-10.paris.iot-lab.info,23,278670.966,48.684
m3-2.paris.iot-lab.info,22,279524.66,48.652
m3-3.paris.iot-lab.info,23,279620.331,47.975
m3-12.paris.iot-lab.info,23,280154.232,48.469
m3-16.paris.iot-lab.info,22,280882.195,48.38
m3-13.paris.iot-lab.info,23,281161.493,48.335
m3-15.paris.iot-lab.info,23,283101.111,47.947
m3-8.paris.iot-lab.info,23,283373.153,48.399
m3-5.paris.iot-lab.info,23,283872.667,48.628
m3-7.paris.iot-lab.info,24,284186.835,48.277
m3-4.paris.iot-lab.info,23,284832.146,48.795
m3-18.paris.iot-lab.info,23,284865.136,48.902
m3-9.paris.iot-lab.info,23,284992.643,48.479
m3-11.paris.iot-lab.info,24,286906.967,46.986
m3-10.paris.iot-lab.info,24,288366.442,48.492
m3-6.paris.iot-lab.info,24,288494.216,48.704
m3-2.paris.iot-lab.info,23,288596.011,48.714
m3-12.paris.iot-lab.info,24,289575.296,47.063
m3-16.paris.iot-lab.info,23,290127.693,47.079
m3-3.paris.iot-lab.info,24,290239.047,47.037
m3-13.paris.iot-lab.info,24,291720.986,48.432
m3-8.paris.iot-lab.info,24,292617.438,47.797
m3-15.paris.iot-lab.info,24,292716.279,48.433
m3-5.paris.iot-lab.info,24,293519.852,48.887
m3-7.paris.iot-lab.info,25,293706.182,48.466
m3-4.paris.iot-lab.info,24,294559.404,48.33
m3-18.paris.iot-lab.info,24,295696.562,48.401
m3-9.paris.iot-lab.info,24,295919.792,48.761
m3-11.paris.iot-lab.info,25,296489.653,48.183
m3-2.paris.iot-lab.info,24,297695.756,49.342
m3-10.paris.iot-lab.info,25,298199.024,47.326
m3-6.paris.iot-lab.info,25,299258.584,47.93
m3-16.paris.iot-lab.info,24,299848.613,46.893
m3-12.paris.iot-lab.info,25,300149.54,48.816
m3-3.paris.iot-lab.info,25,300205.408,48.94
m3-8.paris.iot-lab.info,25,301880.013,48.951
m3-13.paris.iot-lab.info,25,302246.069,47.204
m3-15.paris.iot-lab.info,25,302379.304,48.487
m3-5.paris.iot-lab.info,25,303210.038,47.343
m3-7.paris.iot-lab.info,26,304457.42,48.443
m3-18.paris.iot-lab.info,25,305167.958,48.548
m3-4.paris.iot-lab.info,25,305338.655,48.226
m3-9.paris.iot-lab.info,25,306239.115,48.215
m3-11.paris.iot-lab.info,26,306759.115,48.455
m3-10.paris.iot-lab.info,26,308326.099,48.427
m3-2.paris.iot-lab.info,25,308490.501,47.347
m3-12.paris.iot-lab.info,26,309408.244,48.071
m3-6.paris.iot-lab.info,26,309881.845,47.928
m3-3.paris.iot-lab.info,26,310236.952,48.57
m3-16.paris.iot-lab.info,25,310359.117,47.783
m3-8.paris.iot-lab.info,26,311623.524,48.207
m3-15.paris.iot-lab.info,26,312042.772,48.244
m3-13.paris.iot-lab.info,26,312176.897,46.98
m3-5.paris.iot-lab.info,26,313656.459,48.733
m3-7.paris.iot-lab.info,27,313955.463,47.505
m3-18.paris.iot-lab.info,26,314298.387,47.61
m3-4.paris.iot-lab.info,26,314521.968,48.276
m3-11.paris.iot-lab.info,27,316070.463,48.626
m3-9.paris.iot-lab.info,26,316174.532,48.733
m3-10.paris.iot-lab.info,27,317877.53,48.079
m3-2.paris.iot-lab.info,26,318165.015,47.234
m3-12.paris.iot-lab.info,27,318959.478,48.186
m3-6.paris.iot-lab.info,27,319593.336,48.211
m3-3.paris.iot-lab.info,27,320764.37,47.969
m3-16.paris.iot-lab.info,26,320949.891,47.439
m3-8.paris.iot-lab.info,27,321301.234,47.599
m3-13.paris.iot-lab.info,27,322079.681,43.371
m3-15.paris.iot-lab.info,27,322358.274,48.316
m3-18.paris.iot-lab.info,27,323721.654,48.346
m3-7.paris.iot-lab.info,28,324194.064,48.256
m3-5.paris.iot-lab.info,27,324514.387,47.183
m3-4.paris.iot-lab.info,27,324728.91,47.723
m3-11.paris.iot-lab.info,28,325601.487,47.396
m3-9.paris.iot-lab.info,27,326810.665,47.332
m3-10.paris.iot-lab.info,28,327189.154,48.42
m3-2.paris.iot-lab.info,27,328915.485,48.235
m3-6.paris.iot-lab.info,28,328968.474,48.342
m3-12.paris.iot-lab.info,28,329641.303,47.3
m3-16.paris.iot-lab.info,27,329951.949,47.364
m3-8.paris.iot-lab.info,28,330532.263,48.324
m3-3.paris.iot-lab.info,28,330998.266,47.263
m3-13.paris.iot-lab.info,28,331770.349,48.566
m3-15.paris.iot-lab.info,28,332069.234,47.638
m3-7.paris.iot-lab.info,29,333409.521,48.051
m3-18.paris.iot-lab.info,28,334390.065,47.039
m3-5.paris.iot-lab.info,28,334560.744,48.37
m3-4.paris.iot-lab.info,28,334850.513,46.884
m3-11.paris.iot-lab.info,29,335423.21,47.618
m3-9.paris.iot-lab.info,28,336134.491,47.938
m3-10.paris.iot-lab.info,29,336868.255,48.305
m3-2.paris.iot-lab.info,28,337936.326,47.794
m3-6.paris.iot-lab.info,29,338407.961,47.988
m3-8.paris.iot-lab.info,29,339635.614,48.288
m3-3.paris.iot-lab.info,29,340159.659,48.966
m3-16.paris.iot-lab.info,28,340206.272,46.893
m3-12.paris.iot-lab.info,29,340231.787,48.265
m3-13.paris.iot-lab.info,29,342663.345,47.716
m3-15.paris.iot-lab.info,29,342881.862,47.333
m3-7.paris.iot-lab.info,30,343440.77,48.014
m3-4.paris.iot-lab.info,29,344032.956,49.394
m3-5.paris.iot-lab.info,29,344079.608,47.275
m3-11.paris.iot-lab.info,30,344686.371,48.714
m3-18.paris.iot-lab.info,29,345156.401,48.852
m3-9.paris.iot-lab.info,29,346565.537,48.445
m3-10.paris.iot-lab.info,30,347822.98,47.655
m3-2.paris.iot-lab.info,29,347897.922,47.441
m3-6.paris.iot-lab.info,30,348433.96,47.781
m3-8.paris.iot-lab.info,30,348654.868,47.8
m3-16.paris.iot-lab.info,29,350793.997,46.885
m3-12.paris.iot-lab.info,30,350887.071,48.168
m3-3.paris.iot-lab.info,30,351051.716,47.637
m3-13.paris.iot-lab.info,30,352112.988,48.238
m3-7.paris.iot-lab.info,31,353130.856,47.212
m3-15.paris.iot-lab.info,30,353808.704,48.835
m3-11.paris.iot-lab.info,31,354077.831,48.778
m3-4.paris.iot-lab.info,30,354458.684,47.265
m3-5.paris.iot-lab.info,30,354697.307,47.126
m3-9.paris.iot-lab.info,30,355700.908,48.799
m3-18.paris.iot-lab.info,30,356099.872,48.531
m3-10.paris.iot-lab.info,31,358487.723,47.495
m3-2.paris.iot-lab.info,30,358526.618,48.171
m3-8.paris.iot-lab.info,31,358557.33,48.152
m3-6.paris.iot-lab.info,31,358908.664,48.005
m3-16.paris.iot-lab.info,30,360632.34,47.752
m3-3.paris.iot-lab.info,31,361094.549,47.14
m3-12.paris.iot-lab.info,31,361302.231,48.335
m3-13.paris.iot-lab.info,31,361855.933,48.873
m3-11.paris.iot-lab.info,32,363485.244,48.409
m3-4.paris.iot-lab.info,31,363833.28,48.312
m3-5.paris.iot-lab.info,31,364019.65,47.964
m3-7.paris.iot-lab.info,32,364057.329,49.042
m3-15.paris.iot-lab.info,31,364079.341,48.09
m3-18.paris.iot-lab.info,31,365331.046,43.93
m3-9.paris.iot-lab.info,31,366452.209,48.254
m3-10.paris.iot-lab.info,32,368757.273,47.083
m3-2.paris.iot-lab.info,31,369197.693,48.289
m3-8.paris.iot-lab.info,32,369399.868,47.936
m3-6.paris.iot-lab.info,32,369787.578,47.38
m3-16.paris.iot-lab.info,31,370311.731,47.963
m3-3.paris.iot-lab.info,32,370900.994,48.534
m3-13.paris.iot-lab.info,32,371421.391,47.166
m3-12.paris.iot-lab.info,32,371715.847,47.55
m3-5.paris.iot-lab.info,32,373250.961,48.165
m3-11.paris.iot-lab.info,33,373307.308,47.486
m3-4.paris.iot-lab.info,32,373688.546,48.256
m3-7.paris.iot-lab.info,33,374920.755,48.115
m3-15.paris.iot-lab.info,32,375006.178,48.278
m3-18.paris.iot-lab.info,32,375501.456,48.244
m3-9.paris.iot-lab.info,32,376787.61,48.172
m3-10.paris.iot-lab.info,33,378371.703,48.147
m3-2.paris.iot-lab.info,32,379053.169,48.343
m3-16.paris.iot-lab.info,32,379543.104,48.13
m3-3.paris.iot-lab.info,33,380004.286,48.343
m3-8.paris.iot-lab.info,33,380342.986,48.297
m3-6.paris.iot-lab.info,33,380536.223,47.618
m3-13.paris.iot-lab.info,33,380939.872,48.313
m3-12.paris.iot-lab.info,33,382130.887,48.214
m3-5.paris.iot-lab.info,33,382562.248,48.05
m3-4.paris.iot-lab.info,33,383156.77,46.979
m3-7.paris.iot-lab.info,34,384183.982,47.838
m3-11.paris.iot-lab.info,34,384217.842,48.325
m3-15.paris.iot-lab.info,33,384525.471,48.353
m3-18.paris.iot-lab.info,33,385804.893,48.045
m3-9.paris.iot-lab.info,33,387506.972,48.023
m3-2.paris.iot-lab.info,33,388314.416,47.186
m3-10.paris.iot-lab.info,34,388370.981,48.302
m3-16.paris.iot-lab.info,33,389446.398,58.712
m3-3.paris.iot-lab.info,34,389840.08,47.249
m3-13.paris.iot-lab.info,34,390059.36,48.48
m3-6.paris.iot-lab.info,34,390434.995,47.649
m3-8.paris.iot-lab.info,34,391236.891,47.031
m3-5.paris.iot-lab.info,34,391758.043,47.361
m3-12.paris.iot-lab.info,34,392322.053,43.568
m3-4.paris.iot-lab.info,34,392558.198,48.115
m3-15.paris.iot-lab.info,34,393532.88,47.873
m3-7.paris.iot-lab.info,35,393991.154,48.317
m3-11.paris.iot-lab.info,35,395065.216,48.333
m3-18.paris.iot-lab.info,34,395354.314,48.114
m3-9.paris.iot-lab.info,34,397778.209,47.922
m3-2.paris.iot-lab.info,34,397862.173,47.667
m3-10.paris.iot-lab.info,35,399234.262,48.226
m3-3.paris.iot-lab.info,35,399769.806,47.208
m3-13.paris.iot-lab.info,35,399866.659,48.355
m3-6.paris.iot-lab.info,35,400239.243,47.661
m3-16.paris.iot-lab.info,34,400241.27,64.137
m3-8.paris.iot-lab.info,35,401075.725,48.34
m3-5.paris.iot-lab.info,35,402444.678,48.228
m3-15.paris.iot-lab.info,35,402604.047,49.194
m3-12.paris.iot-lab.info,35,402714.145,47.131
m3-4.paris.iot-lab.info,35,403293.335,48.399
m3-7.paris.iot-lab.info,36,403699.005,47.229
m3-11.paris.iot-lab.info,36,405272.199,47.274
m3-18.paris.iot-lab.info,35,405625.546,48.35
m3-9.paris.iot-lab.info,35,406973.278,47.18
m3-10.paris.iot-lab.info,36,408497.616,44.201
m3-2.paris.iot-lab.info,35,408725.27,48.55
m3-13.paris.iot-lab.info,36,409002.121,48.22
m3-16.paris.iot-lab.info,35,409440.159,47.191
m3-3.paris.iot-lab.info,36,409464.326,48.355
m3-6.paris.iot-lab.info,36,409630.155,59.117
m3-8.paris.iot-lab.info,36,410673.12,47.061
m3-15.paris.iot-lab.info,36,412025.135,47.69
m3-4.paris.iot-lab.info,36,412649.938,47.891
m3-5.paris.iot-lab.info,36,413019.898,58.787
m3-12.paris.iot-lab.info,36,413304.099,47.73
m3-7.paris.iot-lab.info,37,414494.013,47.801
m3-18.paris.iot-lab.info,36,415305.055,48.379
m3-11.paris.iot-lab.info,37,415798.871,47.908
m3-9.paris.iot-lab.info,36,417595.781,52.9
m3-10.paris.iot-lab.info,37,418523.031,48.077
m3-2.paris.iot-lab.info,36,418863.464,47.67
m3-16.paris.iot-lab.info,36,419034.838,47.616
m3-13.paris.iot-lab.info,37,419417.423,48.051
m3-6.paris.iot-lab.info,37,419700.208,48.242
m3-8.paris.iot-lab.info,37,420044.91,47.397
m3-3.paris.iot-lab.info,37,420375.632,48.365
m3-15.paris.iot-lab.info,37,421127.908,47.061
m3-4.paris.iot-lab.info,37,421971.826,47.19
m3-5.paris.iot-lab.info,37,423606.072,48.303
m3-12.paris.iot-lab.info,37,423844.418,47.62
m3-7.paris.iot-lab.info,38,423901.165,48.405
m3-18.paris.iot-lab.info,37,424904.335,53.348
m3-11.paris.iot-lab.info,38,425590.219,47.986
m3-10.paris.iot-lab.info,38,427930.374,48.358
m3-9.paris.iot-lab.info,37,428119.522,47.289
m3-13.paris.iot-lab.info,38,428887.377,47.339
m3-16.paris.iot-lab.info,37,429060.667,47.361
m3-2.paris.iot-lab.info,37,429118.815,48.422
m3-6.paris.iot-lab.info,38,430483.903,65.467
m3-3.paris.iot-lab.info,38,430487.054,80.251
m3-8.paris.iot-lab.info,38,430491.872,64.154
m3-15.paris.iot-lab.info,38,430758.214,48.249
m3-4.paris.iot-lab.info,38,432786.397,47.824
m3-7.paris.iot-lab.info,39,433882.522,47.158
m3-5.paris.iot-lab.info,38,434069.305,48.127
m3-11.paris.iot-lab.info,39,434693.679,48.397
m3-12.paris.iot-lab.info,38,434739.125,48.05
m3-18.paris.iot-lab.info,38,434807.718,58.712
m3-10.paris.iot-lab.info,39,437640.908,46.893
m3-9.paris.iot-lab.info,38,438182.498,48.171
m3-2.paris.iot-lab.info,38,438412.021,47.278
m3-16.paris.iot-lab.info,38,439091.322,48.267
m3-13.paris.iot-lab.info,39,439174.094,48.363
m3-6.paris.iot-lab.info,39,440051.302,47.845
m3-8.paris.iot-lab.info,39,440155.158,48.399
m3-15.paris.iot-lab.info,39,440789.566,48.262
m3-3.paris.iot-lab.info,39,440870.329,48.101
m3-4.paris.iot-lab.info,39,442414.907,47.491
m3-7.paris.iot-lab.info,40,444403.55,47.266
m3-12.paris.iot-lab.info,39,444497.29,47.28
m3-5.paris.iot-lab.info,39,444964.34,48.382
m3-11.paris.iot-lab.info,40,445604.936,48.326
m3-18.paris.iot-lab.info,39,445778.145,47.955
m3-2.paris.iot-lab.info,39,447973.839,47.429
m3-10.paris.iot-lab.info,40,448071.24,48.286
m3-9.paris.iot-lab.info,39,448165.781,48.052
m3-13.paris.iot-lab.info,40,449381.444,48.176
m3-8.paris.iot-lab.info,40,449482.53,48.304
m3-16.paris.iot-lab.info,39,449602.677,48.283
m3-6.paris.iot-lab.info,40,450306.487,43.264
m3-15.paris.iot-lab.info,40,450467.953,47.791
m3-3.paris.iot-lab.info,40,451717.785,43.174
m3-4.paris.iot-lab.info,40,452813.813,47.96
m3-5.paris.iot-lab.info,40,454080.68,46.979
m3-7.paris.iot-lab.info,41,454130.079,43.398
m3-18.paris.iot-lab.info,40,454894.048,47.358
m3-12.paris.iot-lab.info,40,455293.228,47.061
m3-11.paris.iot-lab.info,41,455316.203,58.879
m3-2.paris.iot-lab.info,40,457028.57,47.302
m3-10.paris.iot-lab.info,41,458438.436,48.437
m3-9.paris.iot-lab.info,40,458517.136,48.161
m3-13.paris.iot-lab.info,41,458580.784,48.382
m3-8.paris.iot-lab.info,41,458697.903,47.923
m3-16.paris.iot-lab.info,40,459809.988,48.281
m3-6.paris.iot-lab.info,41,460588.914,48.094
m3-15.paris.iot-lab.info,41,460814.729,47.238
m3-3.paris.iot-lab.info,41,461520.144,48.166
m3-4.paris.iot-lab.info,41,461962.099,46.659
m3-7.paris.iot-lab.info,42,463287.729,47.382
m3-5.paris.iot-lab.info,41,464701.119,47.074
m3-12.paris.iot-lab.info,41,465003.995,47.771
m3-18.paris.iot-lab.info,41,465820.817,48.36
m3-11.paris.iot-lab.info,42,466030.565,48.465
m3-2.paris.iot-lab.info,41,467507.494,48.012
m3-13.paris.iot-lab.info,42,467812.007,47.202
m3-10.paris.iot-lab.info,42,467989.953,47.84
m3-9.paris.iot-lab.info,41,468292.421,58.9
m3-8.paris.iot-lab.info,42,468761.397,47.898
m3-6.paris.iot-lab.info,42,469900.269,48.222
m3-16.paris.iot-lab.info,41,470417.335,48.733
m3-15.paris.iot-lab.info,42,471645.311,48.079
m3-3.paris.iot-lab.info,42,471727.434,48.049
m3-4.paris.iot-lab.info,42,472392.293,48.455
m3-7.paris.iot-lab.info,43,472546.377,47.569
m3-12.paris.iot-lab.info,42,474251.393,48.146
m3-5.paris.iot-lab.info,42,474699.216,48.266
m3-18.paris.iot-lab.info,42,476794.887,47.151
m3-11.paris.iot-lab.info,43,477016.689,47.171
m3-2.paris.iot-lab.info,42,477289.899,47.165
m3-13.paris.iot-lab.info,43,477778.28,60.949
m3-9.paris.iot-lab.info,42,478010.816,48.072
m3-10.paris.iot-lab.info,43,478560.083,48.505
m3-8.paris.iot-lab.info,43,479093.291,47.364
m3-6.paris.iot-lab.info,43,479928.319,48.643
m3-16.paris.iot-lab.info,42,480476.94,48.391
m3-15.paris.iot-lab.info,43,481064.49,46.834
m3-4.paris.iot-lab.info,43,482117.258,47.544
m3-7.paris.iot-lab.info,44,482479.553,47.853
m3-3.paris.iot-lab.info,43,482617.363,47.156
m3-12.paris.iot-lab.info,43,484950.057,47.887
m3-5.paris.iot-lab.info,43,485302.259,48.735
m3-11.paris.iot-lab.info,44,486630.44,46.952
m3-18.paris.iot-lab.info,43,487369.55,48.242
m3-2.paris.iot-lab.info,43,487463.928,48.292
m3-13.paris.iot-lab.info,44,487966.923,48.239
m3-10.paris.iot-lab.info,44,488718.084,47.597
m3-8.paris.iot-lab.info,44,488771.858,48.252
m3-9.paris.iot-lab.info,43,488937.984,47.434
m3-15.paris.iot-lab.info,44,490054.88,64.212
m3-6.paris.iot-lab.info,44,490082.639,63.521
m3-16.paris.iot-lab.info,43,490332.078,48.379
m3-3.paris.iot-lab.info,44,491752.159,47.501
m3-4.paris.iot-lab.info,44,491923.922,48.245
m3-7.paris.iot-lab.info,45,492798.603,48.115
m3-5.paris.iot-lab.info,44,494388.277,47.287
m3-12.paris.iot-lab.info,44,494468.804,48.7
m3-11.paris.iot-lab.info,45,496580.827,48.324
m3-2.paris.iot-lab.info,44,497847.524,58.505
m3-13.paris.iot-lab.info,45,498190.402,47.897
m3-10.paris.iot-lab.info,45,498296.961,47.474
m3-18.paris.iot-lab.info,44,498298.908,62.11
m3-8.paris.iot-lab.info,45,498398.53,32.092
m3-15.paris.iot-lab.info,45,499140.012,47.101
m3-9.paris.iot-lab.info,44,499816.629,48.263
m3-6.paris.iot-lab.info,45,500641.467,47.818
m3-16.paris.iot-lab.info,44,501131.622,48.292
m3-4.paris.iot-lab.info,45,501331.298,47.998
m3-3.paris.iot-lab.info,45,501462.074,46.94
m3-7.paris.iot-lab.info,46,503405.832,48.025
m3-5.paris.iot-lab.info,45,504355.095,47.467
m3-12.paris.iot-lab.info,45,504756.29,48.117
m3-11.paris.iot-lab.info,46,506179.876,46.746
m3-13.paris.iot-lab.info,46,507245.66,47.973
m3-8.paris.iot-lab.info,46,507598.052,47.71
m3-2.paris.iot-lab.info,45,507634.697,47.178
m3-18.paris.iot-lab.info,45,507973.94,47.476
m3-10.paris.iot-lab.info,46,508247.587,48.205
m3-9.paris.iot-lab.info,45,509079.913,48.258
m3-15.paris.iot-lab.info,46,510032.836,47.421
m3-6.paris.iot-lab.info,46,510223.154,47.444
m3-16.paris.iot-lab.info,45,510757.535,46.919
m3-4.paris.iot-lab.info,46,510866.593,48.054
m3-3.paris.iot-lab.info,46,511652.885,43.149
m3-5.paris.iot-lab.info,46,513855.505,47.502
m3-7.paris.iot-lab.info,47,514317.243,48.005
m3-12.paris.iot-lab.info,46,515251.614,48.084
m3-11.paris.iot-lab.info,47,516192.631,47.66
m3-13.paris.iot-lab.info,47,517277.118,58.434
m3-8.paris.iot-lab.info,47,517421.368,47.846
m3-2.paris.iot-lab.info,46,518209.139,63.511
m3-18.paris.iot-lab.info,46,518212.588,64.386
m3-10.paris.iot-lab.info,47,518518.811,50.135
m3-9.paris.iot-lab.info,46,518532.639,47.865
m3-16.paris.iot-lab.info,46,520276.483,47.521
m3-15.paris.iot-lab.info,47,520751.871,47.952
m3-6.paris.iot-lab.info,47,521053.972,58.587
m3-4.paris.iot-lab.info,47,521249.916,47.44
m3-3.paris.iot-lab.info,47,522492.644,47.348
m3-5.paris.iot-lab.info,47,523101.243,47.065
m3-7.paris.iot-lab.info,48,523671.086,47.019
m3-12.paris.iot-lab.info,47,524898.746,46.263
m3-11.paris.iot-lab.info,48,526639.94,47.545
m3-13.paris.iot-lab.info,48,526807.305,48.218
m3-2.paris.iot-lab.info,47,527376.496,48.18
m3-9.paris.iot-lab.info,47,527905.385,49.443
m3-18.paris.iot-lab.info,47,527919.382,48.127
m3-8.paris.iot-lab.info,48,528316.52,48.315
m3-10.paris.iot-lab.info,48,529365.098,47.158
m3-16.paris.iot-lab.info,47,529747.686,47.975
m3-6.paris.iot-lab.info,48,530616.12,48.076
m3-15.paris.iot-lab.info,48,531342.052,47.585
m3-4.paris.iot-lab.info,48,531616.925,48.558
m3-3.paris.iot-lab.info,48,532107.457,48.242
m3-5.paris.iot-lab.info,48,533146.668,47.162
m3-7.paris.iot-lab.info,49,533890.872,47.594
m3-12.paris.iot-lab.info,48,534705.081,48.59
m3-2.paris.iot-lab.info,48,536463.864,49.652
m3-11.paris.iot-lab.info,49,536511.068,48.35
m3-18.paris.iot-lab.info,48,537197.187,44.197
m3-9.paris.iot-lab.info,48,537375.747,48.113
m3-13.paris.iot-lab.info,49,537542.385,48.464
m3-8.paris.iot-lab.info,49,538459.555,48.449
m3-10.paris.iot-lab.info,49,538831.39,48.116
m3-16.paris.iot-lab.info,48,540698.027,47.071
m3-4.paris.iot-lab.info,49,540848.243,48.09
m3-6.paris.iot-lab.info,49,541301.555,48.484
m3-15.paris.iot-lab.info,49,542205.313,48.143
m3-3.paris.iot-lab.info,49,542247.282,47.456
m3-5.paris.iot-lab.info,49,542473.137,48.189
m3-12.paris.iot-lab.info,49,543744.439,48.122
m3-7.paris.iot-lab.info,50,544097.165,47.834
m3-11.paris.iot-lab.info,50,546396.881,47.513
m3-9.paris.iot-lab.info,49,546687.109,48.774
m3-2.paris.iot-lab.info,49,547415.351,47.941
m3-8.paris.iot-lab.info,50,547819.167,48.205
m3-18.paris.iot-lab.info,49,548068.596,46.789
m3-13.paris.iot-lab.info,50,548177.223,32.077
m3-10.paris.iot-lab.info,50,549822.862,48.341
m3-16.paris.iot-lab.info,49,550216.237,48.555
m3-4.paris.iot-lab.info,50,550767.596,48.349
m3-6.paris.iot-lab.info,50,551524.908,48.559
m3-3.paris.iot-lab.info,50,551878.103,48.22
m3-15.paris.iot-lab.info,50,552396.422,48.17
m3-5.paris.iot-lab.info,50,553000.25,48.145
m3-12.paris.iot-lab.info,50,554346.386,46.994
m3-7.paris.iot-lab.info,51,555088.251,48.332
m3-2.paris.iot-lab.info,50,556901.155,46.851
m3-11.paris.iot-lab.info,51,556985.503,47.309
m3-8.paris.iot-lab.info,51,557272.929,47.497
m3-9.paris.iot-lab.info,50,557566.6,48.431
m3-18.paris.iot-lab.info,50,557939.144,47.547
m3-13.paris.iot-lab.info,51,558208.292,47.85
m3-10.paris.iot-lab.info,51,559913.78,47.796
m3-16.paris.iot-lab.info,50,559958.105,47.638
m3-4.paris.iot-lab.info,51,560190.806,58.526
m3-6.paris.iot-lab.info,51,562052.216,48.434
m3-5.paris.iot-lab.info,51,562183.485,48.46
m3-3.paris.iot-lab.info,51,562837.374,48.295
m3-15.paris.iot-lab.info,51,563259.63,48.292
m3-12.paris.iot-lab.info,51,563989.232,47.998
m3-7.paris.iot-lab.info,52,565085.554,48.062
m3-9.paris.iot-lab.info,51,566622.024,48.345
m3-2.paris.iot-lab.info,51,567315.654,44.695
m3-18.paris.iot-lab.info,51,567437.339,47.15
m3-13.paris.iot-lab.info,52,567468.832,47.83
m3-11.paris.iot-lab.info,52,567602.752,47.473
m3-8.paris.iot-lab.info,52,567848.004,48.379
m3-16.paris.iot-lab.info,51,569461.293,48.295
m3-4.paris.iot-lab.info,52,569561.268,48.473
m3-10.paris.iot-lab.info,52,570344.613,48.03
m3-5.paris.iot-lab.info,52,571379.026,47.009
m3-6.paris.iot-lab.info,52,572579.519,48.209
m3-3.paris.iot-lab.info,52,573810.466,47.177
m3-15.paris.iot-lab.info,52,574102.38,47.501
m3-12.paris.iot-lab.info,52,574164.156,48.296
m3-7.paris.iot-lab.info,53,574297.319,47.357
m3-13.paris.iot-lab.info,53,576508.02,48.266
m3-2.paris.iot-lab.info,52,576542.282,48.129
m3-9.paris.iot-lab.info,52,576829.309,48.329
m3-18.paris.iot-lab.info,52,578299.897,48.347
m3-11.paris.iot-lab.info,53,578369.336,48.395
m3-8.paris.iot-lab.info,53,578743.277,48.325
m3-4.paris.iot-lab.info,53,579011.696,47.51
m3-10.paris.iot-lab.info,53,579445.221,47.91
m3-16.paris.iot-lab.info,52,579620.524,48.241
m3-5.paris.iot-lab.info,53,580960.459,47.393
m3-6.paris.iot-lab.info,53,581826.91,48.229
m3-15.paris.iot-lab.info,53,583269.218,48.521
m3-7.paris.iot-lab.info,54,583830.182,47.205
m3-3.paris.iot-lab.info,53,584257.001,48.185
m3-12.paris.iot-lab.info,53,585091.415,58.873
m3-13.paris.iot-lab.info,54,585579.457,48.192
m3-9.paris.iot-lab.info,53,586412.127,47.553
m3-2.paris.iot-lab.info,53,586877.545,48.074
m3-11.paris.iot-lab.info,54,587835.737,47.962
m3-4.paris.iot-lab.info,54,588098.744,48.368
m3-10.paris.iot-lab.info,54,588834.819,47.57
m3-18.paris.iot-lab.info,53,589291.123,48.367
m3-8.paris.iot-lab.info,54,589542.514,48.392
m3-16.paris.iot-lab.info,53,589843.959,48.035
m3-6.paris.iot-lab.info,54,591122.336,48.045
m3-5.paris.iot-lab.info,54,591215.391,48.125
m3-15.paris.iot-lab.info,54,593092.46,48.025
m3-3.paris.iot-lab.info,54,593536.331,48.31
m3-7.paris.iot-lab.info,55,593764.598,48.109
m3-13.paris.iot-lab.info,55,594890.915,48.083
m3-12.paris.iot-lab.info,54,595821.751,47.979
m3-9.paris.iot-lab.info,54,596378.741,47.169
m3-2.paris.iot-lab.info,54,597241.436,47.486
m3-11.paris.iot-lab.info,55,598089.481,47.534
m3-4.paris.iot-lab.info,55,598348.661,47.139
m3-8.paris.iot-lab.info,55,598789.628,48.615
m3-16.paris.iot-lab.info,54,599395.123,48.369
m3-10.paris.iot-lab.info,55,599724.494,48.078
m3-18.paris.iot-lab.info,54,600214.405,46.739
m3-6.paris.iot-lab.info,55,600705.596,49.817
m3-5.paris.iot-lab.info,55,601913.752,32.177
m3-15.paris.iot-lab.info,55,602579.798,48.157
m3-7.paris.iot-lab.info,56,603443.719,48.123
m3-3.paris.iot-lab.info,55,603775.763,33.761
m3-13.paris.iot-lab.info,56,605129.44,47.684
m3-9.paris.iot-lab.info,55,606601.426,48.102
m3-12.paris.iot-lab.info,55,606700.93,47.56
m3-2.paris.iot-lab.info,55,607299.324,47.713
m3-16.paris.iot-lab.info,55,608530.588,48.334
m3-4.paris.iot-lab.info,56,608683.328,48.339
m3-11.paris.iot-lab.info,56,608840.36,48.088
m3-8.paris.iot-lab.info,56,608881.254,47.127
m3-10.paris.iot-lab.info,56,609531.962,48.144
m3-18.paris.iot-lab.info,55,609668.952,48.33
m3-5.paris.iot-lab.info,56,611495.788,46.896
m3-6.paris.iot-lab.info,56,611568.995,48.286
m3-15.paris.iot-lab.info,56,612547.065,48.272
m3-7.paris.iot-lab.info,57,614035.268,48.378
m3-3.paris.iot-lab.info,56,614126.992,48.545
m3-13.paris.iot-lab.info,57,615448.46,48.461
m3-12.paris.iot-lab.info,56,615913.275,46.554
m3-9.paris.iot-lab.info,56,617110.332,46.901
m3-2.paris.iot-lab.info,56,617362.577,48.476
m3-11.paris.iot-lab.info,57,618199.714,48.385
m3-10.paris.iot-lab.info,57,618552.089,47.029
m3-4.paris.iot-lab.info,57,618954.621,47.989
m3-18.paris.iot-lab.info,56,619012.315,79.823
m3-8.paris.iot-lab.info,57,619019.592,64.321
m3-16.paris.iot-lab.info,56,619041.871,
m3-5.paris.iot-lab.info,57,621158.055,48.305
m3-6.paris.iot-lab.info,57,622192.234,48.253
m3-15.paris.iot-lab.info,57,622322.301,48.287
m3-3.paris.iot-lab.info,57,624171.721,47.679
m3-7.paris.iot-lab.info,58,624498.43,47.915
m3-13.paris.iot-lab.info,58,624823.98,48.157
m3-9.paris.iot-lab.info,57,626181.14,48.29
m3-12.paris.iot-lab.info,57,626231.379,48.295
m3-10.paris.iot-lab.info,58,627638.847,64.262
m3-2.paris.iot-lab.info,57,627645.627,47.754
m3-16.paris.iot-lab.info,57,628193.584,47.712
m3-4.paris.iot-lab.info,58,628553.908,48.219
m3-8.paris.iot-lab.info,58,628907.048,48.316
m3-11.paris.iot-lab.info,58,629186.849,47.06
m3-18.paris.iot-lab.info,57,629635.624,48.499
m3-5.paris.iot-lab.info,58,630293.14,47.292
m3-15.paris.iot-lab.info,58,631374.428,47.364
m3-6.paris.iot-lab.info,58,632286.038,47.766
m3-3.paris.iot-lab.info,58,633301.543,47.213
m3-7.paris.iot-lab.info,59,634545.781,48.208
m3-13.paris.iot-lab.info,59,634903.21,48.094
m3-9.paris.iot-lab.info,58,635284.659,48.01
m3-12.paris.iot-lab.info,58,635942.703,48.352
m3-10.paris.iot-lab.info,59,637190.372,48.053
m3-16.paris.iot-lab.info,58,637439.014,47.795
m3-2.paris.iot-lab.info,58,637529.345,47.872
m3-4.paris.iot-lab.info,59,637609.209,48.455
m3-8.paris.iot-lab.info,59,638986.395,47.894
m3-18.paris.iot-lab.info,58,639165.846,46.938
m3-11.paris.iot-lab.info,59,639441.294,48.305
m3-5.paris.iot-lab.info,59,640083.676,48.099
m3-15.paris.iot-lab.info,59,641096.225,47.428
m3-6.paris.iot-lab.info,59,641997.092,48.153
m3-3.paris.iot-lab.info,59,642559.342,33.498
m3-9.paris.iot-lab.info,59,644723.898,43.654
m3-7.paris.iot-lab.info,60,645404.413,47.236
m3-13.paris.iot-lab.info,60,645585.653,47.585
m3-12.paris.iot-lab.info,59,646854.079,48.222
m3-10.paris.iot-lab.info,60,647253.55,58.703
m3-16.paris.iot-lab.info,59,647358.314,47.962
m3-2.paris.iot-lab.info,59,647941.005,47.116
m3-4.paris.iot-lab.info,60,647973.402,46.613
m3-8.paris.iot-lab.info,60,648804.473,46.89
m3-18.paris.iot-lab.info,59,649004.287,48.463
m3-11.paris.iot-lab.info,60,649856.493,48.357
m3-15.paris.iot-lab.info,60,650596.926,48.081
m3-5.paris.iot-lab.info,60,650642.851,48.061
m3-6.paris.iot-lab.info,60,651180.31,48.357
m3-3.paris.iot-lab.info,60,653134.564,47.879
m3-9.paris.iot-lab.info,60,655689.399,47.484
m3-7.paris.iot-lab.info,61,656123.208,47.875
m3-13.paris.iot-lab.info,61,656256.829,47.975
m3-2.paris.iot-lab.info,60,657091.594,48.568
m3-16.paris.iot-lab.info,60,657275.447,48.019
m3-12.paris.iot-lab.info,60,657426.715,47.668
m3-4.paris.iot-lab.info,61,657523.442,50.171
m3-10.paris.iot-lab.info,61,658247.503,47.709
m3-8.paris.iot-lab.info,61,658466.867,48.347
m3-18.paris.iot-lab.info,60,659081.433,47.373
m3-5.paris.iot-lab.info,61,659905.941,47.773
m3-11.paris.iot-lab.info,61,660399.743,48.343
m3-15.paris.iot-lab.info,61,661379.637,48.173
m3-6.paris.iot-lab.info,61,661606.343,47.105
m3-3.paris.iot-lab.info,61,663693.899,47.753
m3-9.paris.iot-lab.info,61,664787.269,46.961
m3-7.paris.iot-lab.info,62,665370.498,48.396
m3-16.paris.iot-lab.info,61,666521.102,48.403
m3-4.paris.iot-lab.info,62,666642.909,48.552
m3-12.paris.iot-lab.info,61,667121.426,48.076
m3-13.paris.iot-lab.info,62,667167.948,58.826
m3-10.paris.iot-lab.info,62,667249.406,47.554
m3-2.paris.iot-lab.info,61,667779.17,58.767
m3-8.paris.iot-lab.info,62,667938.532,48.266
m3-18.paris.iot-lab.info,61,669270.839,46.969
m3-5.paris.iot-lab.info,62,670876.838,47.79
m3-11.paris.iot-lab.info,62,670911.161,48.577
m3-15.paris.iot-lab.info,62,671841.688,47.218
m3-6.paris.iot-lab.info,62,672580.972,48.241
m3-3.paris.iot-lab.info,62,673837.312,48.093
m3-9.paris.iot-lab.info,62,674849.444,47.836
m3-7.paris.iot-lab.info,63,675417.89,48.288
m3-16.paris.iot-lab.info,62,675832.495,48.234
m3-13.paris.iot-lab.info,63,676314.495,48.434
m3-4.paris.iot-lab.info,63,676674.209,48.613
m3-8.paris.iot-lab.info,63,677425.729,46.701
m3-12.paris.iot-lab.info,62,677597.538,47.595
m3-10.paris.iot-lab.info,63,677680.797,48.41
m3-2.paris.iot-lab.info,62,678349.64,47.958
m3-18.paris.iot-lab.info,62,679060.722,47.556
m3-11.paris.iot-lab.info,63,680605.703,47.036
m3-5.paris.iot-lab.info,63,681048.487,47.073
m3-15.paris.iot-lab.info,63,682176.063,48.153
m3-6.paris.iot-lab.info,63,682575.122,47.147
m3-3.paris.iot-lab.info,63,684440.893,47.649
m3-9.paris.iot-lab.info,63,685744.219,48.287
m3-7.paris.iot-lab.info,64,686057.237,48.204
m3-13.paris.iot-lab.info,64,686313.598,47.232
m3-8.paris.iot-lab.info,64,686560.218,64.526
m3-16.paris.iot-lab.info,63,686583.87,
m3-10.paris.iot-lab.info,64,687136.157,48.049
m3-12.paris.iot-lab.info,63,687212.113,48.317
m3-4.paris.iot-lab.info,64,687580.748,47.379
m3-2.paris.iot-lab.info,63,688055.643,47.196
m3-18.paris.iot-lab.info,63,688596.14,48.603
m3-11.paris.iot-lab.info,64,689980.102,48.21
m3-5.paris.iot-lab.info,64,690790.992,48.382
m3-6.paris.iot-lab.info,64,691613.701,47.006
m3-15.paris.iot-lab.info,64,691951.273,48.349
m3-3.paris.iot-lab.info,64,693842.877,46.712
m3-7.paris.iot-lab.info,65,695320.66,48.639
m3-9.paris.iot-lab.info,64,695903.585,48.733
m3-8.paris.iot-lab.info,65,696031.407,49.025
m3-16.paris.iot-lab.info,64,696167.002,48.451
m3-12.paris.iot-lab.info,64,696470.544,47.797
m3-4.paris.iot-lab.info,65,696667.739,48.364
m3-13.paris.iot-lab.info,65,697011.394,47.446
m3-2.paris.iot-lab.info,64,697715.539,110.692
m3-10.paris.iot-lab.info,65,697775.045,75.575
m3-11.paris.iot-lab.info,65,699211.453,48.747
m3-18.paris.iot-lab.info,64,699554.067,47.008
m3-6.paris.iot-lab.info,65,701292.132,48.223
m3-15.paris.iot-lab.info,65,701294.625,64.309
m3-5.paris.iot-lab.info,65,701414.026,47.89
m3-3.paris.iot-lab.info,65,704801.378,48.532
m3-16.paris.iot-lab.info,65,705350.529,48.338
m3-7.paris.iot-lab.info,66,705447.894,47.919
m3-12.paris.iot-lab.info,65,705972.567,47.164
m3-8.paris.iot-lab.info,66,706238.96,48.8
m3-9.paris.iot-lab.info,65,706575.017,48.596
m3-13.paris.iot-lab.info,66,706578.557,64.296
m3-10.paris.iot-lab.info,66,707160.818,46.858
m3-4.paris.iot-lab.info,66,707467.033,48.19
m3-2.paris.iot-lab.info,65,707840.052,47.524
m3-11.paris.iot-lab.info,66,708538.73,48.797
m3-6.paris.iot-lab.info,66,710315.471,48.331
m3-18.paris.iot-lab.info,65,710333.453,46.462
m3-5.paris.iot-lab.info,66,711825.582,47.321
m3-15.paris.iot-lab.info,66,711997.923,48.686
m3-3.paris.iot-lab.info,66,714192.565,48.046
m3-7.paris.iot-lab.info,67,714914.324,47.759
m3-16.paris.iot-lab.info,66,715345.473,47.843
m3-12.paris.iot-lab.info,66,715411.204,48.739
m3-13.paris.iot-lab.info,67,715921.847,48.756
m3-9.paris.iot-lab.info,66,716041.447,47.432
m3-8.paris.iot-lab.info,67,716350.424,48.268
m3-10.paris.iot-lab.info,67,716663.128,48.304
m3-4.paris.iot-lab.info,67,716965.309,47.048
m3-2.paris.iot-lab.info,66,718027.342,47.797
m3-11.paris.iot-lab.info,67,718265.94,48.277
m3-18.paris.iot-lab.info,66,719925.579,47.062
m3-6.paris.iot-lab.info,67,720954.733,48.324
m3-15.paris.iot-lab.info,67,721320.647,47.816
m3-5.paris.iot-lab.info,67,721984.536,48.673
m3-3.paris.iot-lab.info,67,723727.558,46.921
m3-16.paris.iot-lab.info,67,724912.349,48.773
m3-13.paris.iot-lab.info,68,725563.876,47.56
m3-7.paris.iot-lab.info,68,725649.296,59.508
m3-12.paris.iot-lab.info,67,725680.364,63.308
m3-10.paris.iot-lab.info,68,725878.547,58.913
m3-4.paris.iot-lab.info,68,726595.603,48.112
m3-9.paris.iot-lab.info,67,726661.051,47.762
m3-8.paris.iot-lab.info,68,726749.399,47.453
m3-2.paris.iot-lab.info,67,727034.026,48.994
m3-11.paris.iot-lab.info,68,728681.577,48.701
m3-18.paris.iot-lab.info,67,730420.465,48.267
m3-6.paris.iot-lab.info,68,730986.018,64.128
m3-15.paris.iot-lab.info,68,731223.447,48.386
m3-5.paris.iot-lab.info,68,732527.726,48.727
m3-3.paris.iot-lab.info,68,733597.127,46.987
m3-12.paris.iot-lab.info,68,734974.96,48.623
m3-10.paris.iot-lab.info,69,735327.348,47.821
m3-13.paris.iot-lab.info,69,735493.843,47.572
m3-16.paris.iot-lab.info,68,735839.701,47.772
m3-9.paris.iot-lab.info,68,735939.83,47.391
m3-8.paris.iot-lab.info,69,735966.325,46.004
m3-4.paris.iot-lab.info,69,735982.67,46.9
m3-7.paris.iot-lab.info,69,736043.715,48.314
m3-2.paris.iot-lab.info,68,737509.703,46.647
m3-11.paris.iot-lab.info,69,738792.905,48.455
m3-6.paris.iot-lab.info,69,740183.96,47.782
m3-18.paris.iot-lab.info,68,740414.517,47.972
m3-15.paris.iot-lab.info,69,740737.509,47.782
m3-5.paris.iot-lab.info,69,743454.961,48.323
m3-3.paris.iot-lab.info,69,743960.794,47.521
m3-12.paris.iot-lab.info,69,744414.149,48.774
m3-10.paris.iot-lab.info,70,744894.139,47.4
m3-8.paris.iot-lab.info,70,745227.433,48.814
m3-4.paris.iot-lab.info,70,745660.197,48.589
m3-13.paris.iot-lab.info,70,746069.004,48.357
m3-16.paris.iot-lab.info,69,746159.106,48.178
m3-7.paris.iot-lab.info,70,746535.631,47.345
m3-9.paris.iot-lab.info,69,746786.163,48.238
m3-2.paris.iot-lab.info,69,747203.97,48.76
m3-11.paris.iot-lab.info,70,747928.319,48.74
m3-6.paris.iot-lab.info,70,750534.702,46.973
m3-18.paris.iot-lab.info,69,750906.18,47.089
m3-15.paris.iot-lab.info,70,750976.122,48.082
m3-3.paris.iot-lab.info,70,753000.054,48.41
m3-12.paris.iot-lab.info,70,753549.353,45.755
m3-10.paris.iot-lab.info,71,754282.895,46.934
m3-5.paris.iot-lab.info,70,754345.683,47.375
m3-4.paris.iot-lab.info,71,755337.702,47.711
m3-16.paris.iot-lab.info,70,755449.405,47.005
m3-13.paris.iot-lab.info,71,755844.247,48.867
m3-8.paris.iot-lab.info,71,756170.71,48.301
m3-7.paris.iot-lab.info,71,756630.108,48.26
m3-2.paris.iot-lab.info,70,756670.51,46.964
m3-9.paris.iot-lab.info,70,757505.503,48.189
m3-11.paris.iot-lab.info,71,758245.948,47.767
m3-18.paris.iot-lab.info,70,760403.969,47.719
m3-6.paris.iot-lab.info,71,761013.21,64.274
m3-15.paris.iot-lab.info,71,761018.062,47.517
m3-3.paris.iot-lab.info,71,763510.566,47.576
m3-12.paris.iot-lab.info,71,764200.765,48.175
m3-5.paris.iot-lab.info,71,764872.216,48.26
m3-10.paris.iot-lab.info,72,764937.205,48.296
m3-8.paris.iot-lab.info,72,765398.496,47.728
m3-16.paris.iot-lab.info,71,765543.838,48.342
m3-4.paris.iot-lab.info,72,765959.121,47.67
m3-7.paris.iot-lab.info,72,766500.041,47.754
m3-13.paris.iot-lab.info,72,766787.538,48.063
m3-9.paris.iot-lab.info,71,766912.94,48.48
m3-2.paris.iot-lab.info,71,767244.553,47.259
m3-11.paris.iot-lab.info,72,767663.676,47.546
m3-18.paris.iot-lab.info,71,770770.975,44.539
m3-6.paris.iot-lab.info,72,771072.887,47.722
m3-15.paris.iot-lab.info,72,771080.635,48.316
m3-3.paris.iot-lab.info,72,773093.641,48.002
m3-12.paris.iot-lab.info,72,774164.771,47.362
m3-10.paris.iot-lab.info,73,774216.48,48.305
m3-8.paris.iot-lab.info,73,774480.231,47.558
m3-16.paris.iot-lab.info,72,775335.242,48.273
m3-5.paris.iot-lab.info,72,775557.887,47.383
m3-4.paris.iot-lab.info,73,775973.967,48.287
m3-7.paris.iot-lab.info,73,776271.666,47.159
m3-2.paris.iot-lab.info,72,776822.244,47.445
m3-13.paris.iot-lab.info,73,777245.855,47.752
m3-11.paris.iot-lab.info,73,777725.956,65.101
m3-9.paris.iot-lab.info,72,777807.434,59.132
m3-18.paris.iot-lab.info,72,780749.419,48.173
m3-15.paris.iot-lab.info,73,781656.008,48.13
m3-6.paris.iot-lab.info,73,781806.748,48.114
m3-3.paris.iot-lab.info,73,782997.15,58.608
m3-12.paris.iot-lab.info,73,783283.35,
m3-8.paris.iot-lab.info,74,783567.161,48.122
m3-10.paris.iot-lab.info,74,784232.094,48.093
m3-16.paris.iot-lab.info,73,784390.645,48.231
m3-4.paris.iot-lab.info,74,785429.142,48.328
m3-13.paris.iot-lab.info,74,786253.173,48.358
m3-5.paris.iot-lab.info,73,786435.616,47.567
m3-7.paris.iot-lab.info,74,786493.13,48.422
m3-2.paris.iot-lab.info,73,786917.347,43.398
m3-11.paris.iot-lab.info,74,786973.486,48.379
m3-9.paris.iot-lab.info,73,788490.411,48.199
m3-18.paris.iot-lab.info,73,791243.477,47.233
m3-15.paris.iot-lab.info,74,791939.836,47.252
m3-3.paris.iot-lab.info,74,792271.398,47.619
m3-6.paris.iot-lab.info,74,792397.833,48.156
m3-8.paris.iot-lab.info,75,793006.591,48.086
m3-12.paris.iot-lab.info,74,793441.467,46.937
m3-10.paris.iot-lab.info,75,793779.802,47.39
m3-16.paris.iot-lab.info,74,794181.364,47.795
m3-4.paris.iot-lab.info,75,795748.284,47.343
m3-13.paris.iot-lab.info,75,796040.21,47.335
m3-5.paris.iot-lab.info,74,796210.142,47.385
m3-7.paris.iot-lab.info,75,796375.385,47.036
m3-11.paris.iot-lab.info,75,796493.218,48.078
m3-2.paris.iot-lab.info,74,796767.955,47.052
m3-9.paris.iot-lab.info,74,797705.921,48.166
m3-18.paris.iot-lab.info,74,800298.215,58.711
m3-15.paris.iot-lab.info,75,801058.513,47.203
m3-6.paris.iot-lab.info,75,801789.554,47.953
m3-3.paris.iot-lab.info,75,802714.774,46.742
m3-8.paris.iot-lab.info,76,802909.754,47.91
m3-12.paris.iot-lab.info,75,802923.229,47.855
m3-10.paris.iot-lab.info,76,804290.888,47.301
m3-16.paris.iot-lab.info,75,804948.494,48.003
m3-13.paris.iot-lab.info,76,805671.023,46.931
m3-4.paris.iot-lab.info,76,805730.754,48.302
m3-2.paris.iot-lab.info,75,806814.159,48.126
m3-7.paris.iot-lab.info,76,806834.777,47.264
m3-5.paris.iot-lab.info,75,806848.963,48.553
m3-11.paris.iot-lab.info,76,807050.272,47.138
m3-9.paris.iot-lab.info,75,808135.774,47.199
m3-18.paris.iot-lab.info,75,810932.595,48.127
m3-15.paris.iot-lab.info,76,811168.879,48.443
m3-6.paris.iot-lab.info,76,812153.402,47.72
m3-8.paris.iot-lab.info,77,812284.554,47.204
m3-3.paris.iot-lab.info,76,812357.337,47.649
m3-10.paris.iot-lab.info,77,813442.152,48.226
m3-12.paris.iot-lab.info,76,813898.041,48.375
m3-13.paris.iot-lab.info,77,815349.405,48.193
m3-16.paris.iot-lab.info,76,815651.641,58.646
m3-2.paris.iot-lab.info,76,816220.619,47.208
m3-4.paris.iot-lab.info,77,816592.64,46.998
m3-11.paris.iot-lab.info,77,816728.934,48.31
m3-5.paris.iot-lab.info,76,817628.733,47.706
m3-7.paris.iot-lab.info,77,817649.099,
m3-9.paris.iot-lab.info,76,818982.554,48.334
m3-15.paris.iot-lab.info,77,821296.147,48.234
m3-18.paris.iot-lab.info,76,821699.838,48.231
m3-6.paris.iot-lab.info,77,822504.31,47.536
m3-3.paris.iot-lab.info,77,822852.393,48.655
m3-8.paris.iot-lab.info,78,823019.461,48.177
m3-10.paris.iot-lab.info,78,823041.346,59.35
m3-12.paris.iot-lab.info,77,824409.505,48.164
m3-13.paris.iot-lab.info,78,824884.99,48.014
m3-2.paris.iot-lab.info,77,825563.087,47.799
m3-16.paris.iot-lab.info,77,825630.116,48.091
m3-4.paris.iot-lab.info,78,826188.139,46.693
m3-11.paris.iot-lab.info,78,826600.274,48.411
m3-5.paris.iot-lab.info,77,827211.401,59.267
m3-7.paris.iot-lab.info,78,828144.416,48.483
m3-9.paris.iot-lab.info,77,829973.721,48.378
m3-15.paris.iot-lab.info,78,831215.323,48.333
m3-6.paris.iot-lab.info,78,831603.09,47.38
m3-18.paris.iot-lab.info,77,832659.215,48.224
m3-3.paris.iot-lab.info,78,833011.581,48.32
m3-8.paris.iot-lab.info,79,833114.736,48.546
m3-10.paris.iot-lab.info,79,833435.908,48.394
m3-12.paris.iot-lab.info,78,833896.81,48.443
m3-2.paris.iot-lab.info,78,834570.185,48.576
m3-13.paris.iot-lab.info,79,834995.964,47.618
m3-4.paris.iot-lab.info,79,835386.523,48.344
m3-16.paris.iot-lab.info,78,835581.275,58.73
m3-11.paris.iot-lab.info,79,836215.591,48.439
m3-5.paris.iot-lab.info,78,836784.876,47.63
m3-7.paris.iot-lab.info,79,837211.335,47.153
m3-15.paris.iot-lab.info,79,840286.519,48.25
m3-6.paris.iot-lab.info,79,840734.784,48.522
m3-9.paris.iot-lab.info,78,840788.861,59.318
m3-3.paris.iot-lab.info,79,842254.326,47.733
m3-10.paris.iot-lab.info,80,842762.143,47.26
m3-18.paris.iot-lab.info,78,843281.931,47.603
m3-8.paris.iot-lab.info,80,843418.049,48.232
m3-12.paris.iot-lab.info,79,843928.045,48.236
m3-13.paris.iot-lab.info,80,844479.12,47.655
m3-16.paris.iot-lab.info,79,844774.683,48.399
m3-4.paris.iot-lab.info,80,845369.782,48.475
m3-2.paris.iot-lab.info,79,845433.506,48.399
m3-5.paris.iot-lab.info,79,846030.145,47.517
m3-11.paris.iot-lab.info,80,846161.629,47.782
m3-7.paris.iot-lab.info,80,846842.148,48.16
m3-6.paris.iot-lab.info,80,850572.784,47.447
m3-15.paris.iot-lab.info,80,850588.428,47.678
m3-9.paris.iot-lab.info,79,850672.354,57.886
m3-3.paris.iot-lab.info,80,851405.386,48.576
m3-18.paris.iot-lab.info,79,853632.896,48.262
m3-16.paris.iot-lab.info,80,854356.215,46.653
m3-12.paris.iot-lab.info,80,854695.318,47.526
m3-2.paris.iot-lab.info,80,854917.968,47.109
m3-5.paris.iot-lab.info,80,855677.321,48.259
m3-9.paris.iot-lab.info,80,860487.024,47.102
m3-18.paris.iot-lab.info,80,863120.275,48.377
